Commit on Sun Jul  6 09:49:12 UTC 2025
Commit on Mon Jul  7 03:26:28 UTC 2025
Commit on Tue Jul  8 03:21:19 UTC 2025
Commit on Wed Jul  9 03:24:00 UTC 2025
Commit on Thu Jul 10 03:23:50 UTC 2025
Commit on Fri Jul 11 03:38:27 UTC 2025
Commit on Sat Jul 12 03:26:46 UTC 2025
Commit on Sun Jul 13 03:41:38 UTC 2025
Commit on Mon Jul 14 03:42:35 UTC 2025
Commit on Tue Jul 15 03:39:59 UTC 2025
Commit on Wed Jul 16 03:37:49 UTC 2025
Commit on Thu Jul 17 03:37:39 UTC 2025
Commit on Fri Jul 18 03:39:53 UTC 2025
Commit on Sat Jul 19 03:24:31 UTC 2025
Commit on Sun Jul 20 03:47:09 UTC 2025
Commit on Mon Jul 21 03:45:51 UTC 2025
Commit on Tue Jul 22 03:39:29 UTC 2025
Commit on Wed Jul 23 03:41:04 UTC 2025
Commit on Thu Jul 24 03:39:31 UTC 2025
Commit on Fri Jul 25 03:39:53 UTC 2025
Commit on Sat Jul 26 03:36:22 UTC 2025
Commit on Sun Jul 27 03:48:21 UTC 2025
Commit on Mon Jul 28 03:47:15 UTC 2025
Commit on Tue Jul 29 03:50:10 UTC 2025
Commit on Tue Jul 29 11:42:54 UTC 2025
Commit on Wed Jul 30 03:27:33 UTC 2025
Commit on Thu Jul 31 03:25:50 UTC 2025
Commit on Fri Aug  1 03:47:41 UTC 2025
Commit on Sat Aug  2 03:19:17 UTC 2025
Commit on Sun Aug  3 03:43:11 UTC 2025
Commit on Mon Aug  4 03:47:54 UTC 2025
Commit on Tue Aug  5 03:40:00 UTC 2025
Commit on Wed Aug  6 03:28:16 UTC 2025
Commit on Thu Aug  7 03:28:05 UTC 2025
Commit on Fri Aug  8 03:27:49 UTC 2025
Commit on Sat Aug  9 03:14:02 UTC 2025
Commit on Sun Aug 10 03:27:55 UTC 2025
Commit on Mon Aug 11 03:26:42 UTC 2025
Commit on Tue Aug 12 03:11:04 UTC 2025
Commit on Wed Aug 13 03:13:42 UTC 2025
Commit on Thu Aug 14 03:14:06 UTC 2025
Commit on Fri Aug 15 03:15:01 UTC 2025
Commit on Sat Aug 16 03:08:30 UTC 2025
Commit on Sun Aug 17 03:18:51 UTC 2025
Commit on Mon Aug 18 03:22:55 UTC 2025
Commit on Tue Aug 19 03:04:43 UTC 2025
Commit on Wed Aug 20 03:02:46 UTC 2025
Commit on Thu Aug 21 03:01:42 UTC 2025
Commit on Fri Aug 22 03:02:06 UTC 2025
Commit on Sat Aug 23 02:56:53 UTC 2025
Commit on Sun Aug 24 03:12:22 UTC 2025
Commit on Mon Aug 25 03:08:44 UTC 2025
Commit on Tue Aug 26 03:03:13 UTC 2025
Commit on Wed Aug 27 02:56:56 UTC 2025
Commit on Thu Aug 28 02:56:54 UTC 2025
Commit on Fri Aug 29 02:56:39 UTC 2025
Commit on Sat Aug 30 02:50:33 UTC 2025
Commit on Sun Aug 31 03:00:28 UTC 2025
Commit on Mon Sep  1 03:14:01 UTC 2025
Commit on Tue Sep  2 03:00:21 UTC 2025
Commit on Wed Sep  3 02:48:01 UTC 2025
Commit on Thu Sep  4 02:49:15 UTC 2025
Commit on Fri Sep  5 02:53:12 UTC 2025
Commit on Sat Sep  6 02:46:06 UTC 2025
Commit on Sun Sep  7 02:56:34 UTC 2025
Commit on Mon Sep  8 03:00:29 UTC 2025
Commit on Tue Sep  9 02:55:49 UTC 2025
Commit on Wed Sep 10 02:48:08 UTC 2025
Commit on Thu Sep 11 02:54:37 UTC 2025
Commit on Fri Sep 12 02:47:08 UTC 2025
Commit on Sat Sep 13 02:40:14 UTC 2025
Commit on Sun Sep 14 02:56:20 UTC 2025
Commit on Mon Sep 15 03:01:22 UTC 2025
Commit on Tue Sep 16 02:49:41 UTC 2025
Commit on Wed Sep 17 02:48:14 UTC 2025
Commit on Thu Sep 18 02:51:17 UTC 2025
Commit on Fri Sep 19 02:54:49 UTC 2025
Commit on Sat Sep 20 02:45:32 UTC 2025
Commit on Sun Sep 21 03:01:22 UTC 2025
Commit on Mon Sep 22 03:00:59 UTC 2025
Commit on Tue Sep 23 02:51:52 UTC 2025
Commit on Wed Sep 24 02:53:37 UTC 2025
Commit on Thu Sep 25 02:55:50 UTC 2025
Commit on Fri Sep 26 02:53:57 UTC 2025
Commit on Sat Sep 27 02:45:37 UTC 2025
Commit on Sun Sep 28 03:01:42 UTC 2025
Commit on Mon Sep 29 02:58:05 UTC 2025
Commit on Tue Sep 30 02:52:09 UTC 2025
Commit on Wed Oct  1 03:04:24 UTC 2025
Commit on Thu Oct  2 02:50:42 UTC 2025
Commit on Fri Oct  3 02:49:22 UTC 2025
Commit on Sat Oct  4 02:42:28 UTC 2025
Commit on Sun Oct  5 03:00:46 UTC 2025
Commit on Mon Oct  6 02:55:25 UTC 2025
Commit on Tue Oct  7 02:51:58 UTC 2025
Commit on Wed Oct  8 02:51:56 UTC 2025
Commit on Thu Oct  9 02:54:22 UTC 2025
Commit on Fri Oct 10 02:54:45 UTC 2025
Commit on Sat Oct 11 02:44:56 UTC 2025
Commit on Sun Oct 12 02:56:23 UTC 2025
Commit on Mon Oct 13 03:02:58 UTC 2025
Commit on Tue Oct 14 02:54:54 UTC 2025
Commit on Wed Oct 15 02:58:34 UTC 2025
Commit on Thu Oct 16 02:57:15 UTC 2025
Commit on Fri Oct 17 02:55:30 UTC 2025
Commit on Sat Oct 18 02:47:20 UTC 2025
Commit on Sun Oct 19 03:08:26 UTC 2025
Commit on Mon Oct 20 03:08:00 UTC 2025
Commit on Tue Oct 21 02:59:31 UTC 2025
Commit on Wed Oct 22 03:04:23 UTC 2025
Commit on Thu Oct 23 02:57:32 UTC 2025
Commit on Fri Oct 24 02:54:21 UTC 2025
Commit on Sat Oct 25 02:55:49 UTC 2025
Commit on Sun Oct 26 03:03:16 UTC 2025
Commit on Mon Oct 27 03:12:24 UTC 2025
Commit on Tue Oct 28 03:01:03 UTC 2025
Commit on Wed Oct 29 03:08:40 UTC 2025
Commit on Thu Oct 30 03:04:21 UTC 2025
Commit on Fri Oct 31 03:04:03 UTC 2025
Commit on Sat Nov  1 03:04:21 UTC 2025
Commit on Sun Nov  2 03:07:52 UTC 2025
Commit on Mon Nov  3 03:09:51 UTC 2025
Commit on Tue Nov  4 03:03:24 UTC 2025
Commit on Wed Nov  5 03:04:44 UTC 2025
Commit on Thu Nov  6 03:07:13 UTC 2025
Commit on Fri Nov  7 03:03:54 UTC 2025
Commit on Sat Nov  8 02:55:53 UTC 2025
Commit on Sun Nov  9 03:06:15 UTC 2025
Commit on Mon Nov 10 03:12:05 UTC 2025
Commit on Tue Nov 11 03:06:50 UTC 2025
Commit on Wed Nov 12 03:05:16 UTC 2025
Commit on Thu Nov 13 03:07:50 UTC 2025
Commit on Fri Nov 14 03:06:26 UTC 2025
Commit on Sat Nov 15 03:00:05 UTC 2025
Commit on Sun Nov 16 03:10:38 UTC 2025
Commit on Mon Nov 17 03:08:27 UTC 2025
Commit on Tue Nov 18 03:05:33 UTC 2025
Commit on Wed Nov 19 03:04:39 UTC 2025
Commit on Thu Nov 20 03:03:02 UTC 2025
Commit on Fri Nov 21 03:03:52 UTC 2025
Commit on Sat Nov 22 02:57:49 UTC 2025
Commit on Sun Nov 23 03:19:14 UTC 2025
Commit on Mon Nov 24 03:15:48 UTC 2025
Commit on Tue Nov 25 03:07:26 UTC 2025
Commit on Wed Nov 26 03:07:41 UTC 2025
Commit on Thu Nov 27 03:04:34 UTC 2025
Commit on Fri Nov 28 03:04:17 UTC 2025
Commit on Sat Nov 29 03:03:56 UTC 2025
Commit on Sun Nov 30 03:18:46 UTC 2025
Commit on Mon Dec  1 03:41:55 UTC 2025
Commit on Tue Dec  2 03:11:03 UTC 2025
Commit on Wed Dec  3 03:09:45 UTC 2025
Commit on Thu Dec  4 03:11:55 UTC 2025
Commit on Fri Dec  5 03:11:14 UTC 2025
Commit on Sat Dec  6 03:02:12 UTC 2025
Commit on Sun Dec  7 03:19:02 UTC 2025
Commit on Mon Dec  8 03:13:52 UTC 2025
Commit on Tue Dec  9 03:11:20 UTC 2025
Commit on Wed Dec 10 03:14:33 UTC 2025
Commit on Thu Dec 11 03:16:52 UTC 2025
Commit on Fri Dec 12 03:15:22 UTC 2025
Commit on Sat Dec 13 03:08:34 UTC 2025
Commit on Sun Dec 14 03:20:40 UTC 2025
Commit on Mon Dec 15 03:21:57 UTC 2025
Commit on Tue Dec 16 03:16:45 UTC 2025
Commit on Wed Dec 17 03:12:50 UTC 2025
Commit on Thu Dec 18 03:13:37 UTC 2025
Commit on Fri Dec 19 03:16:12 UTC 2025
Commit on Sat Dec 20 03:08:04 UTC 2025
Commit on Sun Dec 21 03:21:04 UTC 2025
Commit on Mon Dec 22 03:23:55 UTC 2025
Commit on Tue Dec 23 03:18:35 UTC 2025
Commit on Wed Dec 24 03:16:04 UTC 2025
Commit on Thu Dec 25 03:19:16 UTC 2025
Commit on Fri Dec 26 03:16:53 UTC 2025
Commit on Sat Dec 27 03:15:21 UTC 2025
Commit on Sun Dec 28 03:28:39 UTC 2025
Commit on Mon Dec 29 03:29:08 UTC 2025
Commit on Tue Dec 30 03:19:48 UTC 2025
Commit on Wed Dec 31 03:18:58 UTC 2025
Commit on Thu Jan  1 03:41:30 UTC 2026
Commit on Fri Jan  2 03:22:16 UTC 2026
Commit on Sat Jan  3 03:14:39 UTC 2026
Commit on Sun Jan  4 03:41:35 UTC 2026
Commit on Mon Jan  5 03:45:53 UTC 2026
Commit on Tue Jan  6 03:20:59 UTC 2026
Commit on Wed Jan  7 03:21:11 UTC 2026
Commit on Thu Jan  8 03:21:37 UTC 2026
Commit on Fri Jan  9 03:22:12 UTC 2026
Commit on Sat Jan 10 03:16:18 UTC 2026
Commit on Sun Jan 11 03:41:16 UTC 2026
Commit on Mon Jan 12 03:29:07 UTC 2026
Commit on Tue Jan 13 03:20:23 UTC 2026
Commit on Wed Jan 14 03:28:02 UTC 2026
Commit on Thu Jan 15 03:22:47 UTC 2026
Commit on Fri Jan 16 03:22:03 UTC 2026
Commit on Sat Jan 17 03:15:07 UTC 2026
Commit on Sun Jan 18 03:27:28 UTC 2026
Commit on Mon Jan 19 03:29:37 UTC 2026
Commit on Tue Jan 20 03:25:13 UTC 2026
Commit on Wed Jan 21 03:25:02 UTC 2026
Commit on Thu Jan 22 03:28:24 UTC 2026
Commit on Fri Jan 23 03:24:51 UTC 2026
Commit on Sat Jan 24 03:18:51 UTC 2026
Commit on Sun Jan 25 03:44:31 UTC 2026
Commit on Mon Jan 26 03:47:44 UTC 2026
Commit on Tue Jan 27 03:28:40 UTC 2026
Commit on Wed Jan 28 03:26:52 UTC 2026
Commit on Thu Jan 29 03:58:50 UTC 2026
Commit on Fri Jan 30 03:58:39 UTC 2026
Commit on Sat Jan 31 03:55:26 UTC 2026
Commit on Sun Feb  1 04:19:52 UTC 2026
Commit on Mon Feb  2 04:12:20 UTC 2026
Commit on Tue Feb  3 04:04:39 UTC 2026
Commit on Wed Feb  4 04:02:38 UTC 2026
Commit on Thu Feb  5 04:03:41 UTC 2026
Commit on Fri Feb  6 04:04:40 UTC 2026
Commit on Sat Feb  7 03:58:45 UTC 2026
Commit on Sun Feb  8 04:24:43 UTC 2026
Commit on Mon Feb  9 04:14:37 UTC 2026
Commit on Tue Feb 10 04:23:02 UTC 2026
Commit on Wed Feb 11 04:20:39 UTC 2026
Commit on Thu Feb 12 04:12:38 UTC 2026
Commit on Fri Feb 13 04:09:39 UTC 2026
Commit on Sat Feb 14 03:59:38 UTC 2026
Commit on Sun Feb 15 04:11:02 UTC 2026
Commit on Mon Feb 16 04:12:32 UTC 2026
Commit on Tue Feb 17 04:07:57 UTC 2026
Commit on Wed Feb 18 04:10:21 UTC 2026
Commit on Thu Feb 19 04:08:41 UTC 2026
